keyword,disease_type,stage_subtype,line_of_therapy,biomarker
stage 1-b,,Stage I,,
stage 2,,Stage II,,
stage 2b,,Stage II,,
stage 2-b,,Stage II,,
Stage I,,Stage I,,
stage I b,,Stage I,,
Stage I/II,,Stage I;Stage II,,
stage Ib,,Stage I,,
stage I-b,,Stage I,,
Stage II,,Stage II,,
stage II b,,Stage II,,
Stage II/III,,Stage II;Stage III,,
stage IIb,,Stage II,,
stage II-b,,Stage II,,
Stage III,,Stage III,,
Stage III/IV,,Stage III;Stage IV,,
Stage IV,,Stage IV,,
stage2,,Stage II,,
stage-2,,Stage II,,
stage-I b,,Stage I,,
stage-Ib,,Stage I,,
stage-I-b,,Stage I,,
stageII,,Stage II,,
stage-II,,Stage II,,
stage-II b,,Stage II,,
stage-IIb,,Stage II,,
stage-II-b,,Stage II,,
StageIII/IV,,Stage III;Stage IV,,
stages I to III,,Stage I;Stage II;Stage III,,
0 stage,,Stage 0,,
0-stage,,Stage 0,,
Accelerated phase Chronic Myeloid Leukemia,"Leukemia, Chronic Lymphocytic",Accelerated phase,,
Accelerated phase Chronic Myeloid Leukemia (CML),"Leukemia, Chronic Lymphocytic",Accelerated phase,,
Accelerated phase CML,"Leukemia, Chronic Lymphocytic",Accelerated phase,,
Acinar cells tumor of pancreas,Pancreas,,,
Acinar lung cancer,"Lung, Non-small cell",,,
Acinic cell carcinoma,Head/Neck,,,
Ackerman tumor,"Skin, Squamous Cell Carcinoma (CSCC)",,,
Acral-lentiginous,Melanoma,,,
Acral-lentiginous melanoma,Melanoma,,,
ACTH producing tumors,"CNS, Pituitary Tumor",,,
Acute basophilic leukemia,"Leukemia, Acute Myelogenous",,,
Acute Erythroid leukemia,"Leukemia, Acute Myelogenous",,,
Acute granulocytic leukemia,"Leukemia, Acute Myelogenous",,,
Acute lymphoblastic leukemia,"Leukemia, Acute Lymphocytic",,,
Acute Lymphocytic Leukemia,"Leukemia, Acute Lymphocytic",,,
Acute lymphoid leukemia,"Leukemia, Acute Lymphocytic",,,
Acute Megakaryoblastic leukemia,"Leukemia, Acute Myelogenous",,,
Acute megakaryoblastic leukemia (FAB M7),"Leukemia, Acute Myelogenous",,,
Acute monoblastic/monocytic leukemia,"Leukemia, Acute Myelogenous",,,
Acute monoblastic/monocytic leukemia (FAB M5),"Leukemia, Acute Myelogenous",,,
Acute Monocytic leukemia,"Leukemia, Acute Myelogenous",,,
Acute myeloblastic leukemia,"Leukemia, Acute Myelogenous",,,
Acute Myeloblastic leukemia with maturation,"Leukemia, Acute Myelogenous",,,
Acute Myeloblastic leukemia with minimal maturation,"Leukemia, Acute Myelogenous",,,
Acute myelocytic leukemia,"Leukemia, Acute Myelogenous",,,
Acute myelogenous leukemia,"Leukemia, Acute Myelogenous",,,
Acute myeloid leukemia,"Leukemia, Acute Myelogenous",,,
Acute myelomonocytic leukemia,"Leukemia, Acute Myelogenous",,,
Acute myelomonocytic leukemia (FAB M4),"Leukemia, Acute Myelogenous",,,
Acute Myelomonocytic leukemia with eosinophilia,"Leukemia, Acute Myelogenous",,,
Acute nonlymphocytic leukemia,"Leukemia, Acute Myelogenous",,,
Acute panmyelosis with fibrosis,"Leukemia, Acute Myelogenous",,,
Acute promyelocytic leukemia,"Leukemia, Acute Myelogenous",,,
Adamantinomatous craniopharyngioma,"CNS, Craniopharyngioma",,,
"Adenocarcinoma arisen from gallbladder, extra or intrahepatic bile ducts",Gallbladder,Adenocarcinoma;Intrahepatic,,
Adenocarcinoma in situ lung cancer,"Lung, Non-small cell",Adenocarcinoma,,
Adenocarcinoma NSCLC,"Lung, Non-small cell",Adenocarcinoma,,
adenocarcinoma of bladder,Bladder,Adenocarcinoma,,
Adenocarcinoma of large intestine,Colorectal,Adenocarcinoma,,
Adenocarcinoma of the appendix,Appendiceal,Adenocarcinoma,,
Adenocarcinoma of the bladder,Bladder,Adenocarcinoma,,
Adenocarcinoma of the breast,Breast,Adenocarcinoma,,
Adenocarcinoma of the cervix,Cervical,Adenocarcinoma,,
Adenocarcinoma of the Esophagus / Oesophagus,Esophageal,Adenocarcinoma,,
Adenocarcinoma of the gastric cardia (the gastric cardia is the uppermost part of the stomach that connects the bottom of the esophagus to the stomach.),Gastric,Adenocarcinoma,,
Adenocarcinoma of the kidney,Renal,Adenocarcinoma,,
Adenocarcinoma of the pancreas,Pancreas,Adenocarcinoma,,
Adenocarcinoma of the prostate,Prostate,Adenocarcinoma,,
Adenocarcinomas of the fallopian tube,Fallopian Tube,Adenocarcinoma,,
Adenoid cystic carcinoma,Head/Neck,,,
Adenoma malignum (AM),Cervical,,,
Adenosquamous carcinoma,Cervical,Adenocarcinoma;Squamous Cell,,
Adenosquamous carcinoma of the endometrium,Endometrial,Adenocarcinoma;Squamous Cell,,
Adenosquamous cutaneous squamous cell carcinoma,"Skin, Squamous Cell Carcinoma (CSCC)",Adenocarcinoma;Squamous Cell,,
Adenosquamous lung carcinoma,"Lung, Non-small cell",Adenocarcinoma;Squamous Cell,,
Adjuvant,,,Adjuvant,
Adult acute lymphoblastic leukemia,"Leukemia, Acute Lymphocytic",,,
Adult B-Cell ALL (poor prognosis – 5% of ALL cases),"Leukemia, Acute Lymphocytic",B-Cell,,
Adult Hepatocellular Cancer (HCC),Liver,,,
Adult T-cell leukemia/lymphoma (HTLV-1+),"Lymphoma, Non-Hodgkin's",,,
Advanced,,Stage III;Stage IV,,
Advanced small cell lung cancer,"Lung, Small cell",Stage III;Stage IV,,
Aggressive Lymphoma,"Lymphoma, Non-Hodgkin's",Aggressive,,
Aggressive  ,"Lymphoma, Non-Hodgkin's",Aggressive  ,,
Agnogenic myeloid metaplasia,Myeloproliferative Neoplasms,,,
AIDS-related lymphoma,"Lymphoma, Non-Hodgkin's",,,
ALK,,,,ALK
ALL,"Leukemia, Acute Lymphocytic",,,
ALL with myeloid markers (My+ ALL),"Leukemia, Acute Lymphocytic",,,
alveolar soft-part sarcoma,Soft Tissue Sarcoma ,,,
Amelanotic melanoma,Melanoma,,,
AML,"Leukemia, Acute Myelogenous",,,
AML (megakaryoblastic) with a translocation between chromosomes 1 and 22 [t (1:22)],"Leukemia, Acute Myelogenous",,,
AML not otherwise specified,"Leukemia, Acute Myelogenous",,,
AML related to previous chemotherapy or radiation,"Leukemia, Acute Myelogenous",,,
AML with a translocation between chromosomes 6 and 9 [t (6:9)],"Leukemia, Acute Myelogenous",,,
AML with a translocation between chromosomes 8 and 21 [t (8;21)],"Leukemia, Acute Myelogenous",,,
AML with a translocation between chromosomes 9 and 11 [t (9;11)],"Leukemia, Acute Myelogenous",,,
AML with a translocation or inversion in chromosome 16 [t (16;16) or inv (16)],"Leukemia, Acute Myelogenous",,,
AML with a translocation or inversion in chromosome 3 [t (3;3) or inv (3)],"Leukemia, Acute Myelogenous",,,
"AML with biallelic mutations of the CEBPA gene (that is, mutations in both copies of the gene)","Leukemia, Acute Myelogenous",,,
AML with certain genetic abnormalities (gene or chromosome changes),"Leukemia, Acute Myelogenous",,,
AML with maturation,"Leukemia, Acute Myelogenous",,,
AML with maturation (FAB M2),"Leukemia, Acute Myelogenous",,,
AML with minimal differentiation,"Leukemia, Acute Myelogenous",,,
AML with minimal differentiation (FAB M0),"Leukemia, Acute Myelogenous",,,
AML with mutated NPM1 gene,"Leukemia, Acute Myelogenous",,,
AML with mutated RUNX1 gene,"Leukemia, Acute Myelogenous",,,
AML with the BCR-ABL1 (BCR-ABL) fusion gene,"Leukemia, Acute Myelogenous",,,
AML without maturation,"Leukemia, Acute Myelogenous",,,
AML without maturation (FAB M1),"Leukemia, Acute Myelogenous",,,
Ampullary cancer of the duodenum,Small Intestine,,,
Anal,Anal,,,
Anal cancer,Anal,,,
Anal tumor,Anal,,,
Anaplastic,,Anaplastic,,
Anaplastic (high grade/grade3) ependymoma,"CNS, Ependymoma",Grade 3,,
anaplastic Astrocytoma,"CNS, Astrocytoma",Grade 3,,
anaplastic ependymomas,"CNS, Ependymoma",Grade 3,,
Anaplastic large cell lymphoma (ALCL) (Ki-1; T-cell/null cell),"Lymphoma, Non-Hodgkin's",Grade 3,,
Anaplastic meningioma,"CNS, Meningioma",Grade 3,,
anaplastic meningiomas,"CNS, Meningioma",Grade 3,,
Anaplastic Oligoastrocytoma,"CNS, Astrocytoma",Grade 3,,
anaplastic oligodendrogliomas,"CNS, Oligodendroglioma",Grade 3,,
Anaplastic thyroid cancer,Thyroid,Anaplastic,,
Androgen-independent prostate cancer,Prostate,,,
Anemia,Supportive Care,,,
Angioimmunoblastic T-cell lymphoma (AITL),"Lymphoma, Non-Hodgkin's",Aggressive;Peripheral T-cell lymphoma (PTCL),,
Angiosarcoma,Soft Tissue Sarcoma,,,
ANLL,"Leukemia, Acute Myelogenous",,,
Anorectal,Anal,,,
"Any trial including  patients with  Appendiceal cancers or are at risk for developing appendiceal cancers, and that includes a drug or other therapeutic product",Appendiceal,,,
"Any trial involving a medication, cellular therapy or vaccine aimed to treat or prevent anal cancer",Anal,,,
"Any trial involving chemotherapy, targeted therapy, biological therapy or immunotherapy that aim to treat or prevent cervical cancer",Cervical,,,
"Any trial sponsored by a legitimate academic, pharmaceutical, or government sponsor and in which CLL treatment includes a therapeutic medication, monoclonal antibody, other cellular therapy or vaccine","Leukemia, Chronic Lymphocytic",,,
Any trial that includes high grade (malignant) or low grade brain stem glioma patients,"CNS, Brain Stem Glioma",,,
"Any trial where ALL treatment includes a therapeutic medication,  monoclonal antibody, other cellular therapy or vaccine, or with bone marrow/stem cell transplantation in combination with any drug treatments","Leukemia, Acute Lymphocytic",,,
"Any trial where AML is treated with a medication, cellular therapy or vaccine","Leukemia, Acute Myelogenous",,,
"Any trial where Bile Duct cancer is treated with medication, radiation, cellular therapy or vaccine",Bile Duct (Cholangiocarcinoma),,,
"Any trial where breast cancer is treated with a medication, cellular therapy or vaccine, or where prevention via a medication, pharma-sponsored natural product, cellular therapy, or vaccine is being explored",Breast,,,
"Any trial where CML treatment includes a therapeutic medication,  monoclonal antibody, other cellular therapy or vaccine, or with bone marrow/stem cell transplantation in combination with any drug treatments","Leukemia, Chronic Myelogenous",,,
"Any trial where colorectal cancer is treated with a medication, cellular therapy or vaccine, or where prevention via a medication, pharma-sponsored natural product, cellular therapy, or vaccine is being explored",Colorectal,,,
APL,"Leukemia, Acute Myelogenous",,,
APL with the PML-RARA fusion gene,"Leukemia, Acute Myelogenous",,,
APL/M3,,APL/M3,,
Appendiceal adenocarcinoma,Appendiceal,,,
Appendiceal Cancer,Appendiceal,,,
Appendiceal carcinoid,Appendiceal,,,
Appendiceal carcinoma,Appendiceal,,,
Appendiceal goblet cell tumor,Appendiceal,,,
Appendiceal mucinous tumor,Appendiceal,,,
Appendiceal signet ring cell cancer,Appendiceal,,,
Appendiceal tumor,Appendiceal,,,
Appendiceal tumuor,Appendiceal,,,
appendix cancer,Appendiceal,,,
appendix Carcinoma,Appendiceal,,,
Astrocytoma,"CNS, Astrocytoma",,,
Asymptomatic myeloma,Multiple myeloma,,,
ATRT,"CNS, Other Embryonal Tumors",,,
Atypical choroid plexus papilloma,"CNS, Choroid Plexus Tumors",,,
Atypical meningioma,"CNS, Meningioma",,,
atypical meningiomas,"CNS, Meningioma",,,
Atypical teratoid rhabdoid (AT/RT) (ATRT),"CNS, Other Embryonal Tumors",,,
Atypical teratoid/rhabdoid tumors (AT/RT),"CNS, Other Embryonal Tumors",,,
B - ALL,"Leukemia, Acute Lymphocytic",B-Cell,,
B lineage ALL,"Leukemia, Acute Lymphocytic",B-Cell,,
BAL,"Leukemia, Acute Lymphocytic",B-Cell,,
B-ALL,"Leukemia, Acute Lymphocytic",B-Cell,,
Bartholin’s gland cancer,Vulvar,,,
Basal Cell Cancer,"Skin, Basal Cell Carcinoma",,,
Basal cell carcinoma (BCC),"Skin, Basal Cell Carcinoma",,,
Basal cell carcinoma (BCC) – also referred to as basal cell carcinoma epithelioma,"Skin, Basal Cell Carcinoma",,,
Basal cell carcinoma epithelioma,"Skin, Basal Cell Carcinoma",,,
Basal Cell Nevus Syndrome (can be a precursor to BCC),"Skin, Basal Cell Carcinoma",,,
Basal cell skin cancer,"Skin, Basal Cell Carcinoma",,,
Basal cell skin tumor,"Skin, Basal Cell Carcinoma",,,
Basaloid large cell,"Lung, Non-small cell",,,
Basalosquamous/ Basosquamous BCC,"Skin, Basal Cell Carcinoma",,,
B-cell ALL,"Leukemia, Acute Lymphocytic",B-Cell,,
B-cell chronic lymphocytic leukemia,"Leukemia, Chronic Lymphocytic",B-Cell,,
B-cell CLL,"Leukemia, Chronic Lymphocytic",B-Cell,,
B-cell Lymphoma,"Lymphoma, Non-Hodgkin's",,,
B-CLL,"Leukemia, Chronic Lymphocytic",B-Cell,,
BCR-ABL-negative ALL,"Leukemia, Acute Lymphocytic",,,
BCR-ABL-positive ALL,"Leukemia, Acute Lymphocytic",,,
Bence-Jones myeloma,Multiple Myeloma,,,
Bile cancer,Bile Duct (Cholangiocarcinoma),,,
Bile Duct Cancer,Bile Duct (Cholangiocarcinoma),,,
Bile Duct Cancer (Cholangiocarcinoma),Bile Duct (Cholangiocarcinoma),,,
Bile Duct tumor,Bile Duct (Cholangiocarcinoma),,,
Bile Duct tumuor,Bile Duct (Cholangiocarcinoma),,,
Bile tumor,Bile Duct (Cholangiocarcinoma),,,
Biphasic mesothelioma,Mesothelioma,,,
Bi-phenotypic acute leukemia (BAL),"Leukemia, Acute Lymphocytic",,,
bladder adenocarcinoma,Bladder,,,
Bladder cancer,Bladder,,,
Bladder carcinoma,Bladder,,,
Bladder tumor,Bladder,,,
Blast phase,,Blast phase,,
Blastic NK-cell lymphoma (CD4+/CD56+ hematodermic neoplasm),"Lymphoma, Non-Hodgkin's",,,
Bone mets,Metastatic Cancer,Bone mets,,
"bone, brain, liver or lung lesions",Metastatic Cancer,Stage IV,,
"bone, brain, liver or lung metastases",Metastatic Cancer,Stage IV,,
"bone, brain, liver or lung metastasis",Metastatic Cancer,Stage IV,,
Borderline ovarian cancer,Ovarian,,,
Bowen’s disease,"Skin, Squamous Cell Carcinoma (CSCC)",,,
BRAF,,,,BRAF
Brain Stem Glioma,"CNS, Brain Stem Glioma",,,
Brain Stem Glioma (BSG),"CNS, Brain Stem Glioma",,,
"Branchioloalveolar carcinoma (Nonmucinous, mucinous, mixed mucinous and nonmucinous, indeterminate cell type)","Lung, Non-small cell",,,
BRCA,,,,BRCA
Breast cancer,Breast,,,
Breast carcinoma,Breast,,,
Breast implant-associated anaplastic large cell lymphoma (BIA-ALCL),"Lymphoma, Non-Hodgkin's",,,
Breast tumor,Breast,,,
BSG,"CNS, Brain Stem Glioma",,,
Burkitt's lymphoma/diffuse small non-cleaved cell lymphoma,"Lymphoma, Non-Hodgkin's",,,
Buschke–Lowenstein tumor,"Skin, Squamous Cell Carcinoma (CSCC)",,,
Cachexia,Supportive Care,Cachexia,,
Cachexia (only if cancer-related),Supportive Care,,,
Cancer cachexia,Supportive Care,,,
cancer in urethra,Bladder,,,
cancer of appendix,Appendiceal,,,
Cancer of large intestine,Colorectal,,,
cancer of oligodendrocytes,"CNS, Oligodendroglioma",,,
cancer of the appendix,Appendiceal,,,
cancer of the bladder of all cell types,Bladder,,,
Cancer of the duodenum,Small Intestine,,,
Cancer of the testes,Testicular,,,
Cancer of the testicles,Testicular,,,
Cancer of the testis,Testicular,,,
cancer of transitional cell,Bladder,,,
Cancer related anemia,Supportive Care,,,
Cancer related muscle wasting,Supportive Care,,,
Cancer related neutropenia (CIN),Supportive Care,,,
Cancer-associated weight loss,Supportive Care,,,
Cancer-related anorexia/cachexia,Supportive Care,,,
cancers in the bladder,Bladder,,,
Carcinoid tumor,Neuroendocrine,,,
Carcinoid Tumors of the Appendix,Neuroendocrine,,,
Carcinoid Tumors of the Intestine,Neuroendocrine,,,
Carcinoid Tumors of the Liver,Neuroendocrine,,,
Carcinoid Tumors of the Lung,Neuroendocrine,,,
Carcinoid Tumors of the Lymph Nodes,Neuroendocrine,,,
Carcinoma in situ,Head/Neck,,,
Carcinoma in situ (CIS) of testis,Testicular,,,
Carcinoma in situ of head and neck,Head/Neck,,,
Carcinoma in Situ of the Urinary Bladder,Bladder,,,
Carcinoma of appendix,Appendiceal,,,
Carcinoma of the appendix,Appendiceal,,,
Carcinoma of the breast,Breast,,,
Carcinoma of the Esophagus / Oesophagus,Esophageal,,,
Carcinoma of the prostate,Prostate,,,
Carcinoma of the uterine cervix,Cervical,,,
Cardioesophageal junction,Esophageal,,,
Castrate-resistant prostate cancer (CRPC),Prostate,,,
Castrate-resistant prostate tumor,Prostate,,,
Castration-sensitive prostate cancer (CSPC),Prostate,,,
Castration-sensitive prostate tumor,Prostate,,,
CCA,Bile Duct (Cholangiocarcinoma),,,
Central nervous system (CNS) lymphoma,"Lymphoma, Non-Hodgkin's",,,
central osteosarcoma,Osteosarcoma,,,
cerebral metastases or metastasis,Metastatic Cancer,Stage IV,,
Cervical cancer,Cervical,,,
Cervical carcinoma,Cervical,,,
Cervical stromal invasion,Cervical,,,
Cervical tumor,Cervical,,,
Cervical adenocarcinoma,Cervical,,,
Cervical adenosquamous cell carcinoma,Cervical,,,
Chemotherapy induced nausea and vomiting (CINV),Supportive Care,,,
Chemotherapy induced neutropenia (CIN),Supportive Care,,,
Chemotherapy related anemia,Supportive Care,,,
Chemotherapy related Neurotoxicity,Supportive Care,Neurotoxicity,,
Chemotherapy related neutropenia (CIN),Supportive Care,Neutropenia,,
Chemotherapy-associated neurotoxicity,Supportive Care,Neurotoxicity,,
Chemotherapy-induced nausea and vomiting (CINV),Supportive Care,Emesis,,
Chemotherapy-induced neurotoxicity (CIN),Supportive Care,Neurotoxicity,,
Chemotherapy-induced neutropenia,Supportive Care,Neutropenia,,
Chemotherapy-induced neutropenia (CIN),Supportive Care,Neutropenia,,
Chemotherapy-induced thrombocytopenia (CIT),Supportive Care,Thrombocytopenia,,
Childhood or pediatric acute lymphoblastic leukemia,"Leukemia, Acute Lymphocytic",,,
Cholangiocarcinoma,Bile Duct (Cholangiocarcinoma),,,
chondroblastic,Osteosarcoma,,,
Chordoid meningioma,"CNS, Meningioma",,,
choriocarcingradeoma,"CNS, Germ Cell Tumors",,,
Choriocarcinoma,Ovarian;Testicular,,,
Choriocarcinomas,Ovarian;Testicular,,,
Choroid Plexus Carcinoma,"CNS, Choroid Plexus Tumors",,,
Choroid plexus papilloma,"CNS, Choroid Plexus Tumors",,,
Choroid plexus tumors,"CNS, Choroid Plexus Tumors",,,
Chromophobe cell carcinoma,Renal,,,
Chromophobe renal carcinoma,Renal,,,
Chromophobe renal cell carcinoma,Renal,,,
Chronic eosinophilic leukemia,Myeloproliferative Neoplasms,Chronic Eosinophilic Leukemia,,
Chronic eosinophilic leukemia (CEL),Myeloproliferative Neoplasms,,,
chronic granulocytic,"Leukemia, Chronic Myelogenous",,,
Chronic granulocytic leukemia,"Leukemia, Chronic Myelogenous",,,
Chronic lymphocytic leukemia,"Leukemia, Chronic Lymphocytic",,,
Chronic lymphocytic leukemia (CLL),"Leukemia, Chronic Lymphocytic",,,
Chronic lymphoid leukemia,"Leukemia, Chronic Lymphocytic",,,
chronic myelocytic,"Leukemia, Chronic Myelogenous",,,
Chronic myelocytic leukemia,"Leukemia, Chronic Myelogenous",,,
Chronic myelogenous leukemia,"Leukemia, Chronic Myelogenous",,,
Chronic myelogenous leukemia (CML),"Leukemia, Chronic Myelogenous",,,
Chronic myeloid leukemia,"Leukemia, Chronic Myelogenous",,,
Chronic Myelomonocytic Leukemia,"Leukemia, Chronic Myelomonocytic",,,
Chronic myelomonocytic syndrome,"Leukemia, Chronic Myelomonocytic",,,
Chronic neutrophilic leukemia,Myeloproliferative Neoplasms,Chronic Neutrophilic Leukemia,,
Chronic neutrophilic leukemia (CNL),Myeloproliferative Neoplasms,,,
Chronic phase,,Chronic phase,,
Classic ependymoma,"CNS, Ependymoma",,,
Classical,"Lymphoma, Hodgkin’s",Classical,,
Classical Hodgkin’s lymphoma,"Lymphoma, Hodgkin’s",Classical,,
Clear cell adenocarcinoma of lung,"Lung, Non-small cell",,,
Clear cell adenocarcinoma of the cervix,Cervical,,,
Clear cell carcinoma of lung,"Lung, Non-small cell",,,
Clear cell carcinoma of the endometrium/uterus,Endometrial,,,
Clear cell meningioma,"CNS, Meningioma",,,
Clear cell neuroendocrine tumor (or ‘Clear cell of X neuroendocrine tumor’),Neuroendocrine,,,
Clear cell ovarian tumor,Ovarian,,,
Clear cell renal cell carcinomas (ccRCC),Renal,,,
Clear cell sarcoma,Renal;Soft Tissue Sarcoma,,,
CLL,"Leukemia, Chronic Lymphocytic",,,
CMML,"Leukemia, Chronic Myelomonocytic",,,
CMML-1,"Leukemia, Chronic Myelomonocytic",CMML-1,,
CMML-2,"Leukemia, Chronic Myelomonocytic",CMML-1,,
CMMoL,"Leukemia, Chronic Myelomonocytic",,,
CNS choriocarcinoma,"CNS, Germ Cell Tumors",,,
CNS Embryonal carcinoma,"CNS, Germ Cell Tumors",,,
"CNS embryonal tumor, NEC/NOS (not otherwise specified)","CNS, Other Embryonal Tumors",,,
"CNS Embryonal tumor, NOS","CNS, Other Embryonal Tumors",,,
CNS Embryonal Tumor-NOS,"CNS, Other Embryonal Tumors",,,
CNS Germinoma,"CNS, Germ Cell Tumors",,,
CNS metastases or metastasis,Metastatic Cancer,Stage IV,,
CNS mets,Metastatic Cancer,CNS mets,,
CNS mixed germ cell tumor,"CNS, Germ Cell Tumors",,,
CNS Non Germinoma,"CNS, Germ Cell Tumors",,,
CNS Non-Germinoma,"CNS, Germ Cell Tumors",,,
CNS non-germinomatous,"CNS, Germ Cell Tumors",,,
CNS Pure germ cell tumor,"CNS, Germ Cell Tumors",,,
CNS related germ cell tumors,"CNS, Germ Cell Tumors",,,
CNS specific germ cell tumors,"CNS, Germ Cell Tumors",,,
CNS teratoma,"CNS, Germ Cell Tumors",,,
CNS tumors with BCOR internal tandem duplication,"CNS, Other Embryonal Tumors",,,
CNS yolk sac tumors (endodermal sinus tumors),"CNS, Germ Cell Tumors",,,
"CNS, Oligodendroglioma","CNS, Oligodendroglioma",,,
Collecting duct renal carcinoma,Renal,,,
Colon cancer,Colorectal,,,
Colon tumor,Colorectal,,,
colorectal,Colorectal,,,
Colorectal adenocarcinoma,Colorectal,,,
Colorectal cancer,Colorectal,,,
Colorectal tumor,Colorectal,,,
Columnar thyroid cancer,Thyroid,,,
Common ALL (about 50% of cases),"Leukemia, Acute Lymphocytic",,,
Conjunctival melanoma,Melanoma,,,
Connective tissue tumor of pancreas,Pancreas,,,
conventional central osteosarcoma,Osteosarcoma,,,
"Conventional high-grade osteosarcoma (osteoblastic, fibroblastic or chondroblastic)",Osteosarcoma,High-Grade,,
Conventional low-grade osteosarcoma,Osteosarcoma,Low-grade,,
Corticotroph adenomas,"CNS, Pituitary Tumor",,,
Craniopharyngioma,"CNS, Craniopharyngioma",,,
CRC,Colorectal,,,
cribriform neuroepithelial tumor (CRINET),"CNS, Other Embryonal Tumors",,,
Cribriform neuroepithelial tumors,"CNS, Other Embryonal Tumors",,,
cSCC in situ (SCCIS),"Skin, Squamous Cell Carcinoma (CSCC)",Stage 0,,
Cutaneous epidermal carcinoma,"Skin, Squamous Cell Carcinoma (CSCC)",,,
Cutaneous osteosarcoma of the scalp,Osteosarcoma,,,
Cutaneous squamous cell carcinoma (CSCC),"Skin, Squamous Cell Carcinoma (CSCC)",,,
Cutaneous squamous cell carcinoma of the head and neck,"Skin, Squamous Cell Carcinoma (CSCC)",,,
Cutaneous T-Cell Lymphoma (CTCL),"Lymphoma, Non-Hodgkin's",Cutaneous T-Cell Lymphoma (CTCL),,
Cutaneous T-cell lymphoma (includes Mycosis fungoides (also known as Alibert-Bazin syndrome or granuloma fungoides)/Sezary syndrome),"Lymphoma, Non-Hodgkin's",,,
del(5q),Myelodysplastic Syndrome,del(5q),,
Dermatofibrosarcoma protuberans,Soft Tissue Sarcoma,,,
Desmoplastic cutaneous squamous cell carcinoma,"Skin, Squamous Cell Carcinoma (CSCC)",,,
Desmoplastic infantile?ganglioglioma/astrocytoma,"CNS, Astrocytoma",,,
Desmoplastic medulloblastoma,"CNS, Medulloblastoma",,,
Desmoplastic neurotrophic,Melanoma,,,
Desmoplastic neurotrophic melanoma,Melanoma,,,
Desmoplastic small cell tumor,Soft Tissue Sarcoma,,,
Differentiated thyroid cancer,Thyroid,,,
Diffuse (infiltrating) astrocytomas,"CNS, Astrocytoma",,,
Diffuse (infiltrating) oligodendroglioma,"CNS, Oligodendroglioma",,,
Diffuse intrinsic pontine glioma,"CNS, Brain Stem Glioma",DIPG,,
Diffuse intrinsic pontine glioma (DIPG),"CNS, Brain Stem Glioma",DIPG,,
Diffuse large B-cell lymphoma,"Lymphoma, Non-Hodgkin's",,,
Diffuse large B-cell lymphoma (DLBCL),"Lymphoma, Non-Hodgkin's",Diffuse large B-cell lymphoma (DLBCL),,
Diffuse large cell lymphoma,"Lymphoma, Non-Hodgkin's",,,
Diffuse midline glioma,"CNS, Brain Stem Glioma",,,
Diffuse midline glioma (DMG),"CNS, Brain Stem Glioma",,,
Diffuse mixed cell,"Lymphoma, Non-Hodgkin's",,,
diffuse oligodendrogliomas,"CNS, Oligodendroglioma",,,
Diffuse sclerosing thyroid cancer,Thyroid ,,,
Diffuse small cleaved cell,"Lymphoma, Non-Hodgkin's",,,
diffuse TGCT,Tenosynovial Giant Cell Tumor,Diffuse,,
diffuse-type giant cell,Tenosynovial Giant Cell Tumor,Diffuse,,
DIPG,"CNS, Brain Stem Glioma",DIPG,,
Distal bile duct,Bile Duct (Cholangiocarcinoma),Distal,,
Distal cholangiocarcinoma,Bile Duct (Cholangiocarcinoma),Distal,,
DMG,"CNS, Brain Stem Glioma",,,
Ductal carcinoma in situ,Breast,,,
Ductal epithelium tumor of pancreas,Pancreas,,,
Duodenal cancer,Small Intestine,,,
Duodenal periampullary cancer,Small Intestine,,,
Dysgerminoma,Ovarian,,,
Dysplasia of grossly uninvolved bladder epithelium,Bladder,,,
Dysplastic-CMML,"Leukemia, Chronic Myelomonocytic",Dysplastic-CMML,,
Early pre-B ALL also called pro-B ALL (about 10% of cases),"Leukemia, Acute Lymphocytic",,,
Early Stage Cancer,,Stage I;Stage II,,
Edema,Supportive Care,,,
Effects on weight (cancer related,Supportive Care,,,
Effects on weight (cancer related only),Supportive Care,,,
EGFR,,,,EGFR
embryonal carcinoma,"CNS, Germ Cell Tumors;Testicular",,,
embryonal tumor,"CNS, Other Embryonal Tumors",,,
embryonal tumor with multilayered rosettes (ETMR),"CNS, Other Embryonal Tumors",,,
Embryonal tumor with multilayered rosettes (ETMRs),"CNS, Other Embryonal Tumors",,,
Embryonal tumor with multilayered rosettes (ETMRs)- C19MC altered,"CNS, Other Embryonal Tumors",,,
Embryonal tumor with multilayered rosettes (ETMRs)- C19MC altered or NOS,"CNS, Other Embryonal Tumors",,,
Embryonal tumor with multilayered rosettes (ETMRs)- NOS,"CNS, Other Embryonal Tumors",,,
Emesis,Supportive Care,,,
Emesis (cancer-related),Supportive Care,,,
Endodermal sinus tumor,Testicular,,,
Endodermal sinus tumor ( yolk sac tumor ),Ovarian,,,
Endodermal sinus tumor (yolk sac tumor),Ovarian,,,
Endometrial intraepithelial neoplasia (EIN) (in scope for trials with cancer prevention endpoints only),Endometrial,,,
Endometrial stromal sarcomas (stromal cell) (ESS) (trials with these patients should be assigned both the Endometrial and Soft Tissue Sarcoma disease types),Endometrial,,,
Endometrial/uterine adenocarcinoma,Endometrial,,,
Endometriod epithelial ovarian tumors,Ovarian,,,
Endometrioid adenocarcinoma,Endometrial,,,
Endometrioid adenocarcinomas of the fallopian tube,Fallopian Tube,,,
Endometrioid uterine cancer,Endometrial,,,
Endometroid epithelial ovarian tumors,Ovarian,,,
Enteropathy type T-cell lymphoma (EATL),"Lymphoma, Non-Hodgkin's",,,
ependymoblastoma,"CNS, Other Embryonal Tumors",,,
ependymoma,"CNS, Ependymoma",,,
Epidermoid NSCLC,"Lung, Non-small cell",,,
epithelial appendiceal cancer,Appendiceal,,,
Epithelial carcinoma of the cervix,Cervical,,,
Epithelial or epithelioid mesothelioma,Mesothelioma,,,
"Epithelial ovarian cancer/carcinoma (serous, mucinous, endometrioid and clear cell types)",Ovarian,Serous,,
Epithelial thyroid carcinoma,Thyroid,,,
epithelioid sarcoma,Soft Tissue Sarcoma ,,,
Epithelioma cuniculatum,"Skin, Squamous Cell Carcinoma (CSCC)",,,
Erythematous mucositis,Supportive Care,Mucositis,,
Esophageal / Osophagel cancer,Esophageal,,,
Esophagogastric junction,Esophageal,,,
Essential thrombocythemia,Myeloproliferative Neoplasms,Essential Thrombocythemia,,
Essential thrombocythemia (ET),Myeloproliferative Neoplasms,,,
Essential thrombocytosis,Myeloproliferative Neoplasms,,,
Esthesioneuroblastoma (olfactory neuroblastoma),Neuroblastoma,,,
Estrogen Receptor Positive,,,,Estrogen Receptor Positive
ETMR,"CNS, Other Embryonal Tumors",,,
"Ewing’s sarcoma or tumor (extra-osseous, primitive neuroectodermal or PNET)",Soft Tissue Sarcoma,,,
Exocrine tumor of the pancreas,Pancreas,,,
Extensive lung cancer,"Lung, Small cell",Extensive,,
Extensive SCLC,"Lung, Small cell",Extensive,,
Extensive stage,,Extensive,,
Extensive stage lung cancer,"Lung, Small cell",Extensive,,
Extrahepatic bile duct,Bile Duct (Cholangiocarcinoma),,,
Extrahepatic cholangiocarcinoma,Bile Duct (Cholangiocarcinoma),,,
Extranodal marginal zone B-cell lymphoma (MALT),"Lymphoma, Non-Hodgkin's",Extranodal marginal zone B-cell lymphoma (MALT),,
"Extranodal marginal zone B-cell lymphoma, also known as mucosa-associated lymphoid tissue (MALT) lymphoma)","Lymphoma, Non-Hodgkin's",,,
"Extranodal natural killer/T-cell lymphoma, nasal type (nasal NK/T-cell lymphoma)","Lymphoma, Non-Hodgkin's",,,
Extraovarian primary peritoneal carcinoma (EOPPC),Primary Peritoneal,,,
FAB subtype (MO – M7),"Leukemia, Acute Myelogenous",,,
Fallopian Tube Serous Carcinoma (FTC),Fallopian Tube,,,
Family Trait variant thyroid cancer,Thyroid,,,
fast-growing meningioma,"CNS, Meningioma",,,
Febrile neutropenia,Supportive Care,,,
Febrile neutropenia (cancer related),Supportive Care,,,
Fechner tumor,"Lung, Non-small cell",,,
FGFR,,,,FGFR
Fibrillary astrocytomas,"CNS, Astrocytoma",,,
fibroblastic,Osteosarcoma,,,
Fibroepithelioma of Pinkus,"Skin, Basal Cell Carcinoma",,,
Fibrolamellar,Liver,,,
"fibromatosis, aggressive or musculoaponeurotic (also known as desmoid tumors)",Soft Tissue Sarcoma ,,,
"fibromyxoid sarcoma, low-grade (Evan’s tumor)",Soft Tissue Sarcoma ,,,
Fibrosarcoma,Soft Tissue Sarcoma,,,
First line,,,First line,
Focal brainstem glioma,"CNS, Brain Stem Glioma",,,
Follicular lymphoma,"Lymphoma, Non-Hodgkin's",Follicular lymphoma (FL),,
Follicular lymphoma (FL),"Lymphoma, Non-Hodgkin's",Follicular lymphoma (FL),,
Follicular mixed small cleaved and large cell,"Lymphoma, Non-Hodgkin's",,,
Follicular small cleaved cell,"Lymphoma, Non-Hodgkin's",,,
Follicular thyroid cancer,Thyroid,Follicular,,
Fourth line or greater,,,Fourth line or greater,
Gallbladder,Gallbladder,,,
Ganglioneuroblastoma,Neuroblastoma,,,
Gastric adenocarcinoma,Gastric,,,
Gastric cancer,Gastric,,,
Gastric carcinoma,Gastric,,,
Gastrinoma,Neuroendocrine,,,
Gastro-enteropancreatic neuroendocrine tumor,Neuroendocrine,Pancreatic,,
Gastroesophageal,Esophageal,,,
Gastrointestinal Stromal Tumor,GIST,,,
GBM,"CNS, Glioblastoma",,,
Germ cell tumor,Ovarian,,,
germinoma,"CNS, Germ Cell Tumors",,,
Giant cell glioblastoma,"CNS, Glioblastoma",,,
giant cell tumor of the tendon sheath (GCTTS),Tenosynovial Giant Cell Tumor,,,
Giant-cell lung cancer,"Lung, Non-small cell",,,
GIST,GIST,,,
Glassy cell carcinoma (GCC),Cervical,,,
Glioblastoma,"CNS, Glioblastoma",,,
Glioblastoma multiforme,"CNS, Glioblastoma",,,
Glioblastoma secondary to low-grade astrocytoma or anaplastic astrocytoma,"CNS, Glioblastoma",Grade 1;Grade 2;Grade 3,,
Glioblastoma secondary to lymphoma,"CNS, Glioblastoma",,,
"Glioblastoma, brain stem","CNS, Glioblastoma",,,
"Glioblastoma, central nervous system","CNS, Glioblastoma",,,
Glioblastomas,"CNS, Glioblastoma",,,
Gliosarcoma,"CNS, Glioblastoma;Soft Tissue Sarcoma",,,
Glucagonoma,Neuroendocrine,,,
Gnathic,Osteosarcoma,,,
Goblet cell of appendiceal origin,Appendiceal,,,
Gonadal stromal tumor,Testicular,,,
Gonadotroph adenomas,"CNS, Pituitary Tumor",,,
Gorlin Syndrome,"Skin, Basal Cell Carcinoma",Gorlin Syndrome,,
Grace II astrocytoma,"CNS, Astrocytoma",,,
Grace II oligodendroglioma,"CNS, Oligodendroglioma",,,
Grade 1 ependymomas,"CNS, Ependymoma",Grade 1,,
"grade 1, 2, or 3 astrocytoma","CNS, Astrocytoma",Grade 1;Grade 2;Grade 3,,
"grade 1, 2, or 3 ependymomas","CNS, Ependymoma",Grade 1;Grade 2;Grade 3,,
"grade 1, 2, or 3 meningioma","CNS, Meningioma",Grade 1;Grade 2;Grade 3,,
grade 2 oligodendrogliomas,"CNS, Oligodendroglioma",Grade 2,,
Grade 2 ependymomas,"CNS, Ependymoma",Grade 2,,
grade 3 oligodendrogliomas,"CNS, Oligodendroglioma",Grade 3,,
Grade 3 ependymomas,"CNS, Ependymoma",Grade 3,,
Grade 4 astrocytoma,"CNS, Glioblastoma",Grade 3,,
Grade I astrocytoma,"CNS, Astrocytoma",Grade 1,,
"grade I, II, or III ependymomas","CNS, Ependymoma",Grade 1;Grade 2;Grade 3,,
"grade I, II, or III meningioma","CNS, Meningioma",Grade 1;Grade 2;Grade 3,,
Grade III astrocytoma,"CNS, Astrocytoma",Grade 3,,
Grade III oligodendroglioma,"CNS, Oligodendroglioma",Grade 3,,
Grade IV astrocytoma,"CNS, Glioblastoma",Grade 3,,
Grades 1-3 Astrocytoma,"CNS, Astrocytoma",Grade 1;Grade 2;Grade 3,,
Granulosa cell tumors,Ovarian,,,
Granulosa-theca tumors,Ovarian,,,
Growth hormone producing tumors,"CNS, Pituitary Tumor",,,
H3 K27M-mutant glioma,"CNS, Brain Stem Glioma",,,
Hairy cell leukemia,"Leukemia, Chronic Lymphocytic",,,
HCL,"Leukemia, Chronic Lymphocytic",,,
Hemangioblastoma,"CNS, Hemangioblastoma",,,
Hemangiosarcoma,Soft Tissue Sarcoma,,,
Hematological Cancer,Unspecified Hematological Cancer,,,
Hematological malignancies,Unspecified Hematological Cancer,,,
Hematological malignancy,Unspecified Hematological Cancer,,,
Hematological tumor,Unspecified Hematological Cancer,,,
hepatic metastases or metastasis,Metastatic Cancer,Stage IV,,
Hepatobiliary cancer,Bile Duct (Cholangiocarcinoma),,,
Hepatoblastoma,Liver,,,
Hepatosplenic T-cell Lymphoma,"Lymphoma, Non-Hodgkin's",,,
HER2 low,,,,HER2 low
HER2 negative,,,,HER2 negative
HER2 positive,,,,HER2 positive
High Grade Appendiceal Mucinous Neoplasm (HAMN),Appendiceal,,,
high grade astrocytoma,"CNS, Astrocytoma",,,
High grade brain stem glioma,"CNS, Brain Stem Glioma",,,
High grade glioma,"CNS, Astrocytoma;CNS, Glioblastoma;CNS, Oligodendroglioma",,,
High Grade Lymphoma,"Lymphoma, Non-Hodgkin's",,,
high grade meningioma,"CNS, Meningioma",,,
high grade oligodendrogliomas,"CNS, Oligodendroglioma",,,
High Grade Ovarian cancer,Ovarian,High-Grade,,
High Grade Ovarian tumor,Ovarian,High-Grade,,
High Risk,,High Risk,,
High-grade Neuroendocrine tumor,Neuroendocrine,High-Grade,,
High-grade osteosarcoma,Osteosarcoma,High-Grade,,
High-Grade Ovarian cancer,Ovarian,High-Grade,,
High-Grade Ovarian tumor,Ovarian,High-Grade,,
high-grade surface osteosarcoma (HGSOS),Osteosarcoma,High-Grade,,
high-risk ALL,"Leukemia, Acute Lymphocytic",High Risk,,
Hilar bile duct,Bile Duct (Cholangiocarcinoma),Hilar,,
Hilar cholangiocarcinoma,Bile Duct (Cholangiocarcinoma),Hilar,,
Hodgkin disease,"Lymphoma, Hodgkin’s",,,
Hodgkin lymphoma,"Lymphoma, Hodgkin’s",,,
"Hodgkin lymphoma, childhood (for CT.gov search)","Lymphoma, Hodgkin’s",,,
Hodgkin’s disease,"Lymphoma, Hodgkin’s",,,
Hodgkin’s lymphoma,"Lymphoma, Hodgkin’s",,,
Hormone refractory prostate cancer,Prostate,,,
Hormone-refractory,Prostate,Hormone-refractory,,
"Hot flashes, pain and GVHD in cancer",Supportive Care,,,
HRAS,,,,HRAS
Hurthle (oxyphilic) cell variant,Thyroid ,,,
Hurthle (oxyphilic) cell variant thyroid cancer,Thyroid,,,
Hypereosinophilic syndrome,Myeloproliferative Neoplasms,Hypereosinophilic Syndrome,,
Hypereosinophilic syndrome (HES),Myeloproliferative Neoplasms,Hypereosinophilic Syndrome,,
Hypernephroma,Renal,,,
Hypopharynx,Head/Neck,,,
ICC,Bile Duct (Cholangiocarcinoma),,,
Idiopathic myelofibrosis,Myeloproliferative Neoplasms,,,
Immature teratoma,Ovarian,,,
Inactive myeloma,Multiple Myeloma,,,
Indolent,"Lymphoma, Non-Hodgkin's",Indolent,,
Indolent Lymphoma,"Lymphoma, Non-Hodgkin's",Indolent,,
Indolent myeloma,Multiple Myeloma,,,
Infantile embryonal carcinoma,Testicular,,,
Infiltrative Basal Cell Carcinoma,"Skin, Basal Cell Carcinoma",,,
Inflammatory breast cancer,Breast,,,
Insular carcinoma,Thyroid,,,
Insular thyroid cancer,Thyroid ,,,
Insular variant thyroid cancer,Thyroid,,,
Insulinoma,Neuroendocrine,,,
Int-1 Risk,,Int-1 Risk,,
Int-2 risk,,Int-2 risk,,
Intermediate Lymphoma,"Lymphoma, Non-Hodgkin's",,,
Intermediate-grade,,Intermediate-grade,,
Intermediate-grade Neuroendocrine tumor,Neuroendocrine,Intermediate-grade,,
Intracortical,Osteosarcoma,,,
Intrahepatic bile duct,Bile Duct (Cholangiocarcinoma),Intrahepatic,,
Intrahepatic cholangiocarcinoma,Bile Duct (Cholangiocarcinoma),Intrahepatic,,
intramedullary osteosarcoma,Osteosarcoma,,,
intraosseous well differentiated (low grade) osteosarcoma,Osteosarcoma,,,
Intratubular germ cell neoplasia,Testicular,,,
Intravascular large B cell lymphoma (IVLBCL),"Lymphoma, Non-Hodgkin's",,,
Intrinsic diffuse brain stem glioma,"CNS, Brain Stem Glioma",,,
Invasive breast cancer,Breast,,,
Invasive mucinous lung cancer,"Lung, Non-small cell",,,
Islet cell carcinoma,Neuroendocrine,,,
Kaposi sarcoma,Soft Tissue Sarcoma ,Kaposi sarcoma,,
Kidney cancer,Renal,,,
Klastskin tumor,Bile Duct (Cholangiocarcinoma),,,
KRAS,,,,KRAS
L3 (Burkitt’s) ALL,"Leukemia, Acute Lymphocytic",,,
Lactotroph adenomas,"CNS, Pituitary Tumor",,,
Large bowel cancer,Colorectal,,,
Large bowel carcinoma,Colorectal,,,
Large bowel tumor,Colorectal,,,
Large cell cervical (LCCC or LCNEC),Neuroendocrine,,,
Large cell immunoblastic,"Lymphoma, Non-Hodgkin's",,,
"Large cell immunoblastic, plasmacytoid","Lymphoma, Non-Hodgkin's",,,
Large cell keratinizing squamous cell carcinoma,Cervical,,,
Large cell lung carcinoma,"Lung, Non-small cell",,,
Large cell medulloblastoma,"CNS, Medulloblastoma",,,
Large cell non-keratinizing squamous cell carcinoma,Cervical,Squamous Cell,,
Large cell NSCLC,"Lung, Non-small cell",,,
Large intestinal cancer,Colorectal,,,
large intestine,Colorectal,,,
Large non-cleaved cell lymphomas,"Lymphoma, Non-Hodgkin's",,,
laryngeal osteosarcoma,Osteosarcoma,,,
"Larynx, Glottic",Head/Neck,,,
"Larynx, Supraglottic",Head/Neck,,,
late Stage cancer,,Stage III;Stage IV,,
Lean body mass (cancer related on,Supportive Care,,,
Lean body mass (cancer related only),Supportive Care,,,
Leiomyosarcoma,Soft Tissue Sarcoma,,,
leiomyosarcoma (non-GIST),Soft Tissue Sarcoma ,,,
Lentigo maligna,Melanoma,,,
Lentigo maligna melanoma,Melanoma,,,
leptomeningeal metastases,Metastatic Cancer,Stage IV,,
"Leukemia, Chronic Myelomonocytic","Leukemia, Chronic Myelomonocytic",,,
Leydig cell tumor,Testicular,,,
Limited lung cancer,"Lung, Small cell",Limited,,
Limited SCLC,"Lung, Small cell",Limited,,
Limited stage,,Limited,,
Limited stage lung cancer,"Lung, Small cell",Limited,,
Limited-Stage,,Limited,,
Liposarcoma,Soft Tissue Sarcoma,,,
Liver mets,Metastatic Cancer,Liver mets,,
Localized,,Localized,,
localized TGCT,Tenosynovial Giant Cell Tumor,Localized,,
Locally Advanced,,Locally Advanced,,
Low Grade Appendiceal Mucinous Neoplasm (LAMN),Appendiceal,,,
low grade astrocytoma,"CNS, Astrocytoma",,,
Low grade brain stem glioma,"CNS, Brain Stem Glioma",,,
low grade ependymomas,"CNS, Ependymoma",,,
Low grade glioma,"CNS, Astrocytoma;CNS, Oligodendroglioma",,,
Low grade Lymphoma,"Lymphoma, Non-Hodgkin's",,,
low grade meningioma,"CNS, Meningioma",,,
Low grade oligodendroglioma,"CNS, Oligodendroglioma",,,
low grade oligodendrogliomas,"CNS, Oligodendroglioma",,,
Low risk,,Low risk,,
Low-grade Neuroendocrine tumor,Neuroendocrine,Low-grade,,
Low-grade osteosarcoma,Osteosarcoma,Low-grade,,
Low-grade osteosarcoma of the jaw,Osteosarcoma,Low-grade,,
Lung cancer,"Lung, Non-small cell",,,
lymph node metastases,Metastatic Cancer,Stage IV,,
Lymphangiosarcoma,Soft Tissue Sarcoma,,,
Lymphoblastic lymphoma (LBL),"Lymphoma, Non-Hodgkin's",Lymphoblastic lymphoma (LBL),,
Lymphoblastic lymphoma (precursor B-cell lymphoblastic lymphoma),"Lymphoma, Non-Hodgkin's",,,
Lymphoblastic lymphoma (precursor T-cell lymphoblastic lymphoma hronic lymphocytic lymph),"Lymphoma, Non-Hodgkin's",,,
Lymphocyte predominant Hodgkin’s lymphoma,"Lymphoma, Hodgkin’s",,,
Lymphocyte-depleted Hodgkin’s lymphoma,"Lymphoma, Hodgkin’s",,,
Lymphocyte-predominant Hodgkin’s lymphoma,"Lymphoma, Hodgkin’s",,,
Lymphocyte-rich classical Hodgkin’s lymphoma,"Lymphoma, Hodgkin’s",Classical,,
Lymphoepithelioma-like carcinoma (LELC),Cervical,,,
Maintenance/Consolidation,,,Maintenance/Consolidation,
Malignant adenocarcinomas of the prostate gland,Prostate,,,
malignant Astrocytoma,"CNS, Astrocytoma",,,
Malignant breast tumor,Breast,,,
malignant ependymomas,"CNS, Ependymoma",,,
Malignant epithelial prostatic lesion,Prostate,,,
malignant mesenchymoma,Soft Tissue Sarcoma ,,,
malignant mixed Mullerian tumor (MMMT) of the uterus,Soft Tissue Sarcoma ,,,
Malignant oligodendroglioma,"CNS, Oligodendroglioma",,,
Malignant peripheral nerve sheath tumors,Soft Tissue Sarcoma,,,
malignant peripheral nerve sheath tumors (MPNST),Soft Tissue Sarcoma ,,,
Malignant peritoneal mesothelioma,Mesothelioma,,,
Malignant pleural mesothelioma,Mesothelioma,,,
Malignant schwannoma,Soft Tissue Sarcoma,,,
Mantle-cell lymphoma,"Lymphoma, Non-Hodgkin's",,,
Marginal zone lymphomas,"Lymphoma, Non-Hodgkin's",,,
Mature B-cell ALL (Burkitt leukemia) about 4% of cases,"Leukemia, Acute Lymphocytic",,,
Mature T-cell ALL (about 15% to 20% of cases),"Leukemia, Acute Lymphocytic",,,
Maxillary Sinus,Head/Neck,,,
MDS,Myelodysplastic Syndrome,,,
MDS with multilineage dysplasia (MDS-MLD),Myelodysplastic Syndrome,,,
MDS with ring sideroblasts,Myelodysplastic Syndrome,,,
MDS with ring sideroblasts (MDS-RS),Myelodysplastic Syndrome,,,
MDS with single lineage dysplasia (MDS-SLD),Myelodysplastic Syndrome,,,
MDS-RS with multilineage dysplasia (MDS-RS-MLD),Myelodysplastic Syndrome,,,
MDS-RS with single lineage dysplasia (MDS-RS-SLD),Myelodysplastic Syndrome,,,
MDS-U,Myelodysplastic Syndrome,MDS-U,,
Medullary carcinoma,Breast;Renal,,,
Medullary thyroid cancer,Neuroendocrine;Thyroid,Medullary,,
Medullary thyroid carcinoma,Neuroendocrine,Medullary,,
Medullary tumor,Neuroendocrine,Medullary,,
Medulloblastoma,"CNS, Medulloblastoma",,,
Medulloblastomas,"CNS, Medulloblastoma",,,
medulloepithelioma,"CNS, Other Embryonal Tumors",,,
Medullomyoblastoma,"CNS, Medulloblastoma",,,
Melanotic medulloblastoma,"CNS, Medulloblastoma",,,
meningeal carcinomatosis,Metastatic Cancer,Stage IV,,
meningeal metastases,Metastatic Cancer,Stage IV,,
meningioma,"CNS, Meningioma",,,
Meningiomas,"CNS, Meningioma",,,
Merkel cell carcinoma,Neuroendocrine,Merkel,,
Mesonephric adenocarcinoma of the cervix,Cervical,,,
MET Amplification/Alteration,,,,MET Amplification/Alteration
Metastatic,,Stage IV;Metastatic,,
"metastatic bone, brain, liver or lung cancer",Metastatic Cancer,Stage IV,,
MGUS,Multiple Myeloma,,,
MGUS/Indol/Smold,Multiple myeloma,MGUS/Indol/Smold,,
MIBC,Bladder,,,
Micopapillary lung cancer,"Lung, Non-small cell",,,
micrometastases,Metastatic Cancer,Stage IV,,
Micronodular BCC,"Skin, Basal Cell Carcinoma",,,
mid-grade meningioma,"CNS, Meningioma",,,
Minimal deviation carcinoma,Cervical,,,
Mixed,Osteosarcoma,,,
Mixed cellularity Hodgkin’s lymphoma,"Lymphoma, Hodgkin’s",,,
Mixed glioma,"CNS, Astrocytoma;CNS, Oligodendroglioma",,,
Mixed Lineage Acute Leukemias,"Leukemia, Acute Lymphocytic",,,
mixed mesodermal tumor (MMT),Soft Tissue Sarcoma ,,,
Mixed or mixed-histology mesothelioma,Mesothelioma,,,
mixed pineal tumor,"CNS, Pineal Tumor",,,
Mixed thyroid cancer,Thyroid,,,
MLAL,"Leukemia, Acute Lymphocytic",,,
Monoclonal gammopathy,Multiple Myeloma,,,
Morpheaform (sclerosing) basal cell carcinoma (an uncommon variant),"Skin, Basal Cell Carcinoma",,,
Mouth sores,Supportive Care,,,
Mouth sores (cancer related),Supportive Care,,,
MPN,Myeloproliferative Neoplasms,,,
MPN-unclassifiable,Myeloproliferative Neoplasms,,,
MSI-H/dMMR,,,,MSI-H/dMMR
MSI-L,,,,MSI-L
MSS/pMMR,,,,MSS/pMMR
Mucinous (colloid) adenocarcinoma,"Lung, Non-small cell",,,
Mucinous carcinoma,Gastric,,,
Mucinous cystadenocarcinoma,"Lung, Non-small cell",,,
Mucinous ovarian cancer,Ovarian,,,
Mucoepidermoid carcinoma,Head/Neck,,,
Mucosal,Melanoma,,,
Mucosal melanoma,Melanoma,,,
Mucositis,Supportive Care,Mucositis,,
Mucositis (cancer related),Supportive Care,Mucositis,,
Multiple Myeloma (MM),Multiple Myeloma,,,
Muscle-invasive bladder cancer (MIBC),Bladder,,,
My+ ALL,"Leukemia, Acute Lymphocytic",,,
Myelodysplasia,Myelodysplastic Syndrome,,,
Myelodysplastic syndrome with isolated del(5q),Myelodysplastic Syndrome,del(5q),,
Myelodysplastic Syndromes,Myelodysplastic Syndrome,,,
Myelofibrosis,Myeloproliferative Neoplasms,,,
Myelogenous/myeloid leukemia in accelerated phase,"Leukemia, Chronic Myelogenous",,,
Myelogenous/myeloid leukemia in blast crisis,"Leukemia, Chronic Myelogenous",,,
Myelogenous/myeloid leukemia in blast or blastic phase,"Leukemia, Chronic Myelogenous",,,
Myelogenous/myeloid leukemia in blast transformation,"Leukemia, Chronic Myelogenous",,,
Myelogenous/myeloid leukemia in chronic phase,"Leukemia, Chronic Myelogenous",Chronic phase,,
Myeloid metaplasia with myelofibrosis,Myeloproliferative Neoplasms,,,
Myeloma,Multiple Myeloma,,,
Myeloproliferative Neoplasms (MPN),Myeloproliferative Neoplasms,,,
"myxofibrosarcomas, low-grade",Soft Tissue Sarcoma ,,,
Myxopapillary ependymoma,"CNS, Ependymoma",,,
Nasal Cavity and Ethmoid Sinuses,Head/Neck,,,
Nasopharyngeal,Head/Neck,Nasopharyngeal,,
Nasopharynx,Head/Neck,,,
Neck Metastases - Unknown Primary,Head/Neck,,,
Neoadjuvant,,,Neoadjuvant,
Nephroblastoma,Renal,,,
Neuroblastoma,Neuroblastoma,,,
Neuroendocrine cancer of appendiceal origin,Appendiceal,,,
Neuroendocrine neoplasia,Neuroendocrine,,,
Neuroendocrine neoplasm,Neuroendocrine,,,
Neuroendocrine prostate cancer (NEPC),Prostate,,,
Neuroendocrine Tumors (NET’s),Neuroendocrine,,,
Neuroendocrine tumors involving the thyroid,Thyroid,,,
Neurofibrosarcoma,Soft Tissue Sarcoma,,,
Neurogenic sarcoma,Soft Tissue Sarcoma,,,
Neuroprotection/neuroprotectant,Supportive Care,,,
Neurosarcoma,Soft Tissue Sarcoma,,,
Neurotoxicity,Supportive Care,,,
Neutropenia,Supportive Care,,,
Nevoid Basal Cell Carcinoma Syndrome,"Skin, Basal Cell Carcinoma",,,
NMIBC,Bladder,,,
Nodal marginal zone B-cell lymphoma,"Lymphoma, Non-Hodgkin's",,,
Nodular,Melanoma,,,
"Nodular basal cell carcinoma (uncommon variants of Nodular BCC: pigmented basal cell carcinoma, cystic basal cell carcinoma)","Skin, Basal Cell Carcinoma",,,
Nodular lymphocyte-predominant,"Lymphoma, Hodgkin’s",Nodular lymphocyte-predominant,,
Nodular lymphocyte-predominant Hodgkin’s lymphoma,"Lymphoma, Hodgkin’s",Nodular lymphocyte-predominant,,
Nodular melanoma,Melanoma,,,
Nodular sclerosis Hodgkin’s lymphoma,"Lymphoma, Hodgkin’s",,,
nodular tenosynovitis,Tenosynovial Giant Cell Tumor,,,
Non-adenocarcinoma lung carcinoma,"Lung, Non-small cell",,,
Non-adenocarcinoma NSCLC,"Lung, Non-small cell",,,
non-germinomatous tumor,"CNS, Germ Cell Tumors",,,
Non-keratinizing squamous cell carcinoma of cervix,Cervical,Squamous Cell,,
Non-medulloblastoma CNS Embryonal tumors,"CNS, Other Embryonal Tumors",,,
Non-muscle-invasive bladder cancer (NMIBC),Bladder,,,
Non-Seminomatous Testicular Cancer,Testicular,,,
Non-small cell lung cancer,"Lung, Non-small cell",,,
Non-squamous lung carcinoma,"Lung, Non-small cell",,,
Non-squamous NSCLC,"Lung, Non-small cell",,,
NRAS,,,,NRAS
NSCLC,"Lung, Non-small cell",,,
Ocular melanoma,Melanoma,Ocular,,
Oligoastrocytoma,"CNS, Astrocytoma",,,
Oligoastrocytoma- can be anaplastic or diffuse,"CNS, Oligodendroglioma",,,
oligodendroglioma,"CNS, Oligodendroglioma",,,
Oligodendroglioma not otherwise specified,"CNS, Oligodendroglioma",,,
Oligodendroglioma-NOS,"CNS, Oligodendroglioma",,,
oligodendrogliomas,"CNS, Oligodendroglioma",,,
oligodendroma,"CNS, Oligodendroglioma",,,
oligometastases or oligometastasis,Metastatic Cancer,Stage IV,,
Optic pathway glioma (OPG),"CNS, Astrocytoma",,,
Oral Cavity Lip Cancer,Head/Neck,,,
Oral mucositis,Supportive Care,Mucositis,,
Oral mucositis in cancer patients,Supportive Care,Mucositis,,
oral squamous cell carcinoma,Neuroendocrine,,,
Orchioblastoma,Testicular,,,
Oropharynx,Head/Neck,,,
Osteoblastic,Osteosarcoma,,,
Osteofibrosarcoma,Osteosarcoma,,,
Osteogenic sarcoma,Osteosarcoma,,,
osteolytic lesions,Metastatic Cancer,Stage IV,,
Osteomyelofibrosis,Myeloproliferative Neoplasms,,,
other rare CNS embryonal tumors,"CNS, Other Embryonal Tumors",,,
Ovarian adenocarcinomas,Ovarian,,,
Ovarian stromal tumor/sex cord stromal tumors,Ovarian,,,
Pagetoid,Osteosarcoma,,,
Pancreatic neoplasm,Pancreas,,,
Pancreatic neuroendocrine tumor,Neuroendocrine,Pancreatic,,
Papillary carcinoma,Gastric,,,
Papillary cell carcinoma,Renal,,,
papillary craniopharyngioma,"CNS, Craniopharyngioma",,,
Papillary lung cancer,"Lung, Non-small cell",,,
Papillary meningioma,"CNS, Meningioma",,,
Papillary renal cell carcinoma,Renal,,,
Papillary serous carcinoma of the uterine cervix (PSCC),Cervical,,,
Papillary serous ovarian cancer,Ovarian,Serous,,
Papillary squamotransitional cell carcinoma of uterine cervix,Cervical,,,
Papillary squamourothelial carcinoma,Cervical,,,
Papillary thyroid cancer,Thyroid,Papillary,,
Papillary tumor of the bladder,Bladder,,,
Parafallopian tube transitional cell carcinoma,Fallopian Tube,,,
Paraganglioma,Neuroendocrine,,,
Paranasal sinus,Head/Neck,,,
Parosteal (juxtacortical low grade),Osteosarcoma,,,
Parosteal osteosarcoma,Osteosarcoma,,,
parosteal osteosarcoma (PAOS),Osteosarcoma,,,
Parotid,Head/Neck,,,
patients with oligodendroglioma,"CNS, Oligodendroglioma",,,
PD-1 High,,,,PD-1 High
PD-1 Low,,,,PD-1 Low
PD-1 Naive,,,,PD-1 Naive
PD-1 Positive,,,,PD-1 Positive
PD-1 Refractory,,,,PD-1 Refractory
PD-L1 High,,,,PD-L1 High
PD-L1 Low,,,,PD-L1 Low
PD-L1 Naive,,,,PD-L1 Naive
PD-L1 Positive,,,,PD-L1 Positive
PD-L1 Refractory,,,,PD-L1 Refractory
Pediatric Hepatocellular Cancer,Liver,,,
Pediatric or Adolescent,,Pediatric or Adolescent,,
Penile cancer,Penile,,,
Penile tumor,Penile,,,
Penile germ cell tumor,Penile,,,
Periampullary cancer of the duodenum,Small Intestine,,,
Pericardial mesothelioma,Mesothelioma,,,
Pericardium mesothelioma,Mesothelioma,,,
Perihilar bile duct,Bile Duct (Cholangiocarcinoma),,,
Perihilar cholangiocarcinoma,Bile Duct (Cholangiocarcinoma),,,
Periosteal,Osteosarcoma,,,
periosteal osteosarcoma (PIOS),Osteosarcoma,,,
Peripheral neuropathy,Supportive Care,,,
Peripheral T-cell,"Lymphoma, Non-Hodgkin's",,,
Peripheral T-cell lymphoma (PTCL),"Lymphoma, Non-Hodgkin's",Peripheral T-cell lymphoma (PTCL),,
"Peripheral T-cell lymphoma, not otherwise-specified","Lymphoma, Non-Hodgkin's",,,
Peritoneal Carcinomatosis,Metastatic Cancer;Primary Peritoneal,Stage IV,,
Peritoneal mesothelioma,Mesothelioma,,,
peritoneal metastases,Metastatic Cancer,Stage IV,,
Peritoneal metastases (peritoneal carcinomatosis),Metastatic Cancer,Stage IV,,
Peritoneal mets,Metastatic Cancer,Peritoneal mets,,
Pheochromocytoma,Neuroendocrine,,,
Pheochromocytoma/Paraganglioma (PHEO/PGL),Neuroendocrine,,,
Philadelphia- ALL,"Leukemia, Acute Lymphocytic",,,
Philadelphia chromosome negative ALL,"Leukemia, Acute Lymphocytic",,,
Philadelphia chromosome negative CML,"Leukemia, Chronic Myelogenous",,,
Philadelphia chromosome negative-ALL,"Leukemia, Acute Lymphocytic",,,
Philadelphia chromosome positive ALL,"Leukemia, Acute Lymphocytic",,,
Philadelphia chromosome positive CML,"Leukemia, Chronic Myelogenous",,,
Philadelphia chromosome positive-ALL,"Leukemia, Acute Lymphocytic",,,
Philadelphia- CML,"Leukemia, Chronic Myelogenous",,,
Philadelphia+ ALL,"Leukemia, Acute Lymphocytic",,,
Philadelphia+ CML,"Leukemia, Chronic Myelogenous",,,
Philadelphia-negative ALL,"Leukemia, Acute Lymphocytic",,,
Philadelphia-negative CML,"Leukemia, Chronic Myelogenous",,,
Philadelphia-positive ALL (generally predicts a poor prognosis),"Leukemia, Acute Lymphocytic",,,
Philadelphia-positive CML,"Leukemia, Chronic Myelogenous",,,
pigmented vilonodular synovitis (PVNS),Tenosynovial Giant Cell Tumor,,,
Pilocytic Astrocytoma,"CNS, Astrocytoma",,,
Pilomyxoid astrocytomas,"CNS, Astrocytoma",,,
Pineal papillary tumor,"CNS, Pineal Tumor",,,
Pineal parenchymal tumor,"CNS, Pineal Tumor",,,
pineal tumor,"CNS, Pineal Tumor",,,
Pineal Tumors,"CNS, Pineal Tumor",,,
pinealoma,"CNS, Pineal Tumor",,,
Pinealomas,"CNS, Pineal Tumor",,,
pineoblastoma,"CNS, Pineal Tumor",,,
pineocytoma,"CNS, Pineal Tumor",,,
Pituitary adenoma,"CNS, Pituitary Tumor",,,
Pituitary tumors,"CNS, Pituitary Tumor",,,
Plasma cell myeloma,Multiple Myeloma,,,
Platinum resistant,,Platinum-resistant,,
Platinum sensitive,,Platinum-sensitive,,
Platinum-resistant,,Platinum-resistant,,
Platinum-sensitive,,Platinum-sensitive,,
Pleomorphic lung carcinoma or Salivary gland carcinomas,"Lung, Non-small cell",,,
Pleomorphic Xantoastrocytoma,"CNS, Astrocytoma",,,
Pleural neoplasms,Mesothelioma,,,
PNET,"CNS, Medulloblastoma",,,
Polycythemia vera,Myeloproliferative Neoplasms,Polycythemia Vera,,
Polycythemia vera (PV),Myeloproliferative Neoplasms,Polycythemia Vera,,
Poorly differentiated thyroid cancer,Thyroid,,,
Poorly or well differentiated thyroid cancer,Thyroid ,,,
Poor-risk,,Poor-risk,,
Post essential thrombocythemia (PET),Myeloproliferative Neoplasms,,,
Post essential thrombocythemia myelofibrosis (PET-MF),Myeloproliferative Neoplasms,,,
Post polycythemia vera (PPV),Myeloproliferative Neoplasms,,,
Post polycythemia vera myelofibrosis (PPV-MF),Myeloproliferative Neoplasms,,,
Post-Essential thrombocythemia myelofibrosis (Post-ET MF),Myeloproliferative Neoplasms,,,
Post-Polycythemia vera myelofibrosis (Post-PV MF),Myeloproliferative Neoplasms,,,
Post-transplant Ineligible,,Post-transplant Ineligible,,
Pre-B ALL (about 10% of cases),"Leukemia, Acute Lymphocytic",,,
Pre-T ALL (about 5% to 10% of cases),"Leukemia, Acute Lymphocytic",,,
Prevent metastases in any site that is secondary to a primary cancer,Metastatic Cancer,Stage IV,,
Primary cutaneous anaplastic large cell lymphoma,"Lymphoma, Non-Hodgkin's",,,
Primary Cutaneous Gamma/Delta T-cell lymphoma,"Lymphoma, Non-Hodgkin's",,,
Primary effusion lymphoma,"Lymphoma, Non-Hodgkin's",,,
Primary GBM,"CNS, Glioblastoma",,,
Primary mediastinal (thymic) large B-cell,"Lymphoma, Non-Hodgkin's",,,
Primary myelofibrosis,Myeloproliferative Neoplasms,Primary Myelofibrosis,,
Primary myelofibrosis (PMF),Myeloproliferative Neoplasms,,,
Primary peritoneal cancer,Primary Peritoneal,,,
primary peritoneal cancer (PPC),Prostate,,,
Primary peritoneal tumor,Primary Peritoneal,,,
Primary polycythemia,Myeloproliferative Neoplasms,,,
Primary serous papillary carcinoma,Primary Peritoneal,,,
Primary Testicular Tumor,Testicular,,,
Primary vaginal cancer,Vaginal,,,
Primitive neuroectodermal tumors,"CNS, Medulloblastoma",,,
Primitive neuroectodermal tumors (PNET),"CNS, Medulloblastoma",,,
Progesterone Receptor Positive,,,,Progesterone Receptor Positive
Prolactin producing tumors,"CNS, Pituitary Tumor",,,
Prolactinoma,"CNS, Pituitary Tumor",,,
Proliferative-CMML,"Leukemia, Chronic Myelomonocytic",Proliferative-CMML,,
"Prospective trials involving drugs, cellular therapy or vaccines that aim to treat Choroid Plexus tumors","CNS, Choroid Plexus Tumors",,,
"Prospective trials involving drugs, cellular therapy or vaccines that aim to treat Craniopharyngioma","CNS, Craniopharyngioma",,,
"Prospective trials involving drugs, cellular therapy or vaccines that aim to treat Hemangioblastoma","CNS, Hemangioblastoma",,,
"Prospective trials involving drugs, cellular therapy or vaccines that aim to treat or prevent brain stem glioma or diffuse intrinsic pontine glioma","CNS, Brain Stem Glioma",,,
"Prospective trials involving drugs, cellular therapy or vaccines that aim to treat or prevent CNS related germ cell tumors","CNS, Germ Cell Tumors",,,
"Prospective trials involving drugs, cellular therapy or vaccines that aim to treat or prevent Ependymoma","CNS, Ependymoma",,,
"Prospective trials involving drugs, cellular therapy or vaccines that aim to treat or prevent glioblastoma multiforme (GBM)","CNS, Glioblastoma",,,
"Prospective trials involving drugs, cellular therapy or vaccines that aim to treat or prevent grade 1-2 (low grade) astrocytoma, or grade 3 (high grade) astrocytoma","CNS, Astrocytoma",Grade 1;Grade 2;Grade 3,,
"Prospective trials involving drugs, cellular therapy or vaccines that aim to treat or prevent medulloblastoma, sometimes called primitive neuroectodermal tumor (PNET)","CNS, Medulloblastoma",,,
"Prospective trials involving drugs, cellular therapy or vaccines that aim to treat or prevent Non-medulloblastoma CNS Embryonal tumors","CNS, Other Embryonal Tumors",,,
"Prospective trials involving drugs, cellular therapy or vaccines that aim to treat or prevent oligodendrogliomas (a type of glioma)","CNS, Oligodendroglioma",,,
"Prospective trials involving drugs, cellular therapy or vaccines that aim to treat or prevent Pineal Tumors","CNS, Pituitary Tumor",,,
"Prospective trials involving drugs, cellular therapy or vaccines that aim to treat Pineal Tumors","CNS, Pineal Tumor",,,
Prostate Cancer,Prostate,,,
Prostate tumor,Prostate,,,
Prostatic carcinoma,Prostate,,,
Prostatic intraepithelial neoplasia (PIN),Prostate,,,
Prostatic neoplasm,Prostate,,,
Pseudomyxoma peritonei (PMP) of appendiceal origin,Appendiceal,,,
Pulmonary Neuroendocrine tumor,Neuroendocrine,Pulmonary,,
Pure erythroid leukemia,"Leukemia, Acute Myelogenous",,,
Pure erythroid leukemia (FAB M6),"Leukemia, Acute Myelogenous",,,
RA/RARS ,Myelodysplastic Syndrome,RA/RARS ,,
Radiotherapy induced nausea and vomiting,Supportive Care,,,
Radiotherapy related anemia,Supportive Care,,,
Radiotherapy related Neurotoxicity,Supportive Care,,,
Radiotherapy-induced nausea and vomiting,Supportive Care,,,
RAEB ,Myelodysplastic Syndrome,RAEB ,,
RAEB-t ,Myelodysplastic Syndrome,RAEB-t ,,
RCMD ,Myelodysplastic Syndrome,RCMD ,,
Rectal adenocarcinoma,Colorectal,,,
Rectal cancer,Colorectal,,,
Rectal Carcinoids,Neuroendocrine,,,
Rectal carcinoma,Colorectal,,,
Recurrent,,Recurrent,,
Refractory anemia (RA),Myelodysplastic Syndrome,,,
Refractory anemia with excess blasts (RAEB),Myelodysplastic Syndrome,,,
Refractory anemia with excess blasts in transformation (RAEBt),Myelodysplastic Syndrome,,,
Refractory anemia with ringed sideroblasts (RARS),Myelodysplastic Syndrome,,,
Refractory cytopenia with multilineage dysplasia (RCMD),Myelodysplastic Syndrome,,,
RELA fusion positive ependymoma,"CNS, Ependymoma",,,
Remission,,Remission,,
Renal adenocarcinoma,Renal,,,
Renal cancer,Renal,,,
Renal cancer or carcinoma,Renal,,,
Renal carcinoma,Renal,,,
Renal cell adenocarcinoma,Renal,,,
Renal cell cancer,Renal,,,
Renal cell carcinoma (RCC),Renal,,,
Renal pelvis,Renal,,,
Renal sarcoma,Renal,,,
Resectable,,Resectable,,
Rhabdoid meningioma,"CNS, Meningioma",,,
Rhabdoid tumor of the kidney,Renal,,,
Rhabdomyosarcoma,Soft Tissue Sarcoma,,,
Sarcomatoid lung carcinoma,"Lung, Non-small cell",,,
Sarcomatous or sarcomatoid mesothelioma,Mesothelioma,,,
Sclerosing osteosarcoma,Osteosarcoma,,,
Second line,,,Second line,
"secondary bone, brain, liver or lung cancer",Metastatic Cancer,Stage IV,,
Secondary GBM,"CNS, Glioblastoma",,,
secondary peritoneal,Metastatic Cancer,Stage IV,,
Seminoma,Testicular,,,
Serous peritoneal carcinoma,Primary Peritoneal,,,
Serous surface papillary carcinoma,Primary Peritoneal,,,
Serous-papillary adenocarcinoma of the fallopian tube,Fallopian Tube,,,
Sertoli cell tumor,Testicular,,,
Sertoli-Leydig cell tumors,Ovarian,,,
Sex cord-gonadal stromal tumors,Testicular,,,
Signet ring adenocarcinoma of lung,"Lung, Non-small cell",,,
Small bowel adenocarcinoma,Small Intestine,,,
Small bowel cancer (cancer),Small Intestine,,,
small cell bladder carcinoma,Bladder,,,
small cell carcinoma of bladder,Bladder,,,
Small cell carcinoma of the bladder,Bladder,,,
Small cell cervical (SCCC),Neuroendocrine,,,
Small cell lung cancer (SCLC),"Lung, Small cell;Neuroendocrine",,,
Small cell osteosarcoma,Osteosarcoma,,,
Small intestine adenocarcinoma,Small Intestine,,,
Small intestine cancer (carcinoma),Small Intestine,,,
Small Lymphocytic lymphoma,"Lymphoma, Non-Hodgkin's",,,
Small lymphocytic lymphoma (SLL),"Lymphoma, Non-Hodgkin's",Small lymphocytic lymphoma (SLL),,
Small non-cleaved cell,"Lymphoma, Non-Hodgkin's",,,
Small-cell lung cancer,"Lung, Small cell",,,
Smoldering myeloma,Multiple Myeloma,,,
Solid adenocarcinoma with mucin,"Lung, Non-small cell",,,
Solid cancer,Unspecified Solid Tumors,,,
Solid predominant lung cancer,"Lung, Non-small cell",,,
Solid tumor,Unspecified Solid Tumors,,,
Somatostatoinoma,Neuroendocrine,,,
Somatotroph adenomas,"CNS, Pituitary Tumor",,,
Splenic marginal zone lymphoma with villous lymphocytes,"Lymphoma, Non-Hodgkin's",,,
Spongioblastoma multiforme,"CNS, Glioblastoma",,,
Sporadic medullary thyroid carcinoma (MTC),Thyroid,Medullary,,
Sporadic thyroid cancer,Thyroid ,,,
squamous cell bladder carcinoma,Bladder,Squamous Cell,,
squamous cell carcinoma of bladder,Bladder,Squamous Cell,,
Squamous cell carcinoma of the bladder,Bladder,Squamous Cell,,
Squamous cell carcinoma of the esophagus,Esophageal,Squamous Cell,,
Squamous cell carcinoma of the rectum,Colorectal,Squamous Cell,,
"Squamous cell carcinoma, non-keratinizing, NOS",Cervical,Squamous Cell,,
"Squamous cell cervical cancer, squamotransitional type",Cervical,Squamous Cell,,
Squamous cell lung carcinoma,"Lung, Non-small cell",Squamous Cell,,
Squamous cell NSCLC,"Lung, Non-small cell",Squamous Cell,,
Squamous-cell skin cancer,"Skin, Squamous Cell Carcinoma (CSCC)",Squamous Cell,,
Stage 0,,Stage 0,,
stage 1,,Stage I,,
stage 1 b,,Stage I,,
stage 1 c,,Stage I,,
stage 1a,,Stage I,,
stage 1-a,,Stage I,,
stage 1b,,Stage I,,
stage 1c,,Stage I,,
stage 1-c,,Stage I,,
stage 2 b,,Stage II,,
stage 2 c,,Stage II,,
stage 2a,,Stage II,,
stage 2-a,,Stage II,,
stage 2c,,Stage II,,
stage 2-c,,Stage II,,
Stage 3,,Stage III,,
stage I a,,Stage I,,
stage I c,,Stage I,,
stage Ia,,Stage I,,
stage I-a,,Stage I,,
stage Ic,,Stage I,,
stage I-c,,Stage I,,
stage II a,,Stage II,,
stage II c,,Stage II,,
stage IIa,,Stage II,,
stage II-a,,Stage II,,
stage IIc,,Stage II,,
stage II-c,,Stage II,,
Stage-0,,Stage 0,,
stage1,,Stage I,,
stage-1,,Stage I,,
stage-1 b,,Stage I,,
stage-1 c,,Stage I,,
stage-1a,,Stage I,,
stage-1-b,,Stage I,,
stage-1-c,,Stage I,,
stage-2 b,,Stage II,,
stage-2 c,,Stage II,,
stage-2a,,Stage II,,
stage-2-b,,Stage II,,
stage-2-c,,Stage II,,
Stage3,,Stage III,,
Stage-3,,Stage III,,
stageI,,Stage I,,
stage-I,,Stage I,,
stage-I a,,Stage I,,
stage-I c,,Stage I,,
StageI/II,,Stage I,,
stage-Ia,,Stage I,,
stage-I-a,,Stage I,,
stage-I-c,,Stage I,,
stage-II a,,Stage II,,
stage-II c,,Stage II,,
StageII/III,,Stage II,,
stage-IIa,,Stage II,,
stage-II-a,,Stage II,,
stage-II-c,,Stage II,,
StageIII,,Stage III,,
Stage-III,,Stage III,,
StageIV,,Stage IV,,
Stage-IV,,Stage IV,,
STK11,,,,STK11
Stomach cancer,Gastric,,,
Stomach Carcinoids,Neuroendocrine,,,
Subcutaneous panniculitis-like T-cell lymphoma (SPTCL),"Lymphoma, Non-Hodgkin's",,,
Subependymal Giant Cell Astrocytoma (SEGA),"CNS, Astrocytoma",,,
subependymoma,"CNS, Ependymoma",,,
Submandibular Gland,Head/Neck,,,
Subungal melanoma,Melanoma,,,
Subungual,Melanoma,,,
Superficial basal cell carcinoma,"Skin, Basal Cell Carcinoma",,,
Superficial bladder cancer,Bladder,,,
Superficial spreading (most common),Melanoma,,,
Superficial Spreading Basal Cell Carcinoma,"Skin, Basal Cell Carcinoma",,,
Superficial spreading melanoma,Melanoma,,,
Symptomatic myeloma,Multiple myeloma,,,
Synovial sarcoma,Soft Tissue Sarcoma,,,
Systemic mast cell disease,Myeloproliferative Neoplasms,Systemic Mastocytosis,,
Systemic mastocytosis,Myeloproliferative Neoplasms,Systemic Mastocytosis,,
T - ALL,"Leukemia, Acute Lymphocytic",T-Cell,,
T lineage ALL,"Leukemia, Acute Lymphocytic",T-Cell,,
T-ALL,"Leukemia, Acute Lymphocytic",T-Cell,,
Tall cell thyroid cancer,Thyroid,,,
T-cell ALL,"Leukemia, Acute Lymphocytic",T-Cell,,
T-cell chronic lymphocytic leukemia,"Leukemia, Chronic Lymphocytic",,,
T-cell CLL,"Leukemia, Chronic Lymphocytic",,,
T-cell large granular lymphocyte leukemia,"Leukemia, Chronic Lymphocytic",,,
T-cell large granular lymphocytic leukemia,"Leukemia, Chronic Lymphocytic",,,
T-cell Lymphoma,"Lymphoma, Non-Hodgkin's",,,
T-CLL,"Leukemia, Chronic Lymphocytic",,,
Tectal glioma,"CNS, Brain Stem Glioma",,,
Telangiectatic,Osteosarcoma,,,
Tenosynovial Giant Cell Tumor (TGCT),Tenosynovial Giant Cell Tumor,,,
teratoma,"CNS, Germ Cell Tumors;Testicular",,,
Testicular Cancer,Testicular,,,
testicular leukemia or lymphoma,Metastatic Cancer,Stage IV,,
Testicular tumor,Testicular,,,
Testicular germ cell tumor,Testicular,,,
Third line,,,Third line,
Thrombocytopenia,Supportive Care,Thrombocytopenia,,
Thrombocytopenia (CIT),Supportive Care,Thrombocytopenia,,
Thymic cancer,Thymus,Thymic Carcinoma,,
Thymic carcinoma,Thymus,Thymic Carcinoma,,
Thymic epithelial tumor (TET),Thymus,Thymic Carcinoma,,
Thymic squamous cell carcinoma (TSCC),Thymus,Thymic Carcinoma,,
Thymoma,Thymus,Thymoma,,
Thymus cancer,Thymus,Thymic Carcinoma,,
Thymus carcinoma,Thymus,Thymic Carcinoma,,
Thyroid Cancer,Thyroid,,,
Thyroid Carcinoma,Thyroid,,,
Thyrotroph adenomas,"CNS, Pituitary Tumor",,,
T-LGL,"Leukemia, Chronic Lymphocytic",,,
Transitional cell (TCC) of the fallopian tube,Fallopian Tube,,,
transitional cell carcinoma,Bladder,,,
Transitional cell carcinoma (TCC),Bladder;Small Intestine,,,
Transitional cell carcinoma (TCC)/ urothelial carcinoma,Bladder,,,
"Transitional cell carcinoma (TCC)/ Urothelial carcinoma/ Urothelium cancer (includes cancers in renal pelvis, renal calyces, or ureter. Cancer of the bladder or urethra falls under bladder cancer)",Renal,,,
Transitional cell ovarian cancer,Ovarian,,,
Treatment-emergent small-cell neuroendocrine prostate cancer (t-SCNC),Prostate,,,
Trials involving drug that aim to treat or prevent anal cancer,Anal,,,
Trials involving drug that aim to treat or prevent bile duct cancer,Bile Duct (Cholangiocarcinoma),,,
Trials involving drugs or cellular/immune therapies that aim to treat or prevent Chronic Myelomonocytic Leukemia (CMML),"Leukemia, Chronic Myelomonocytic",,,
Trials involving drugs that aim to treat or prevent any type of cancer of the appendix,Appendiceal,,,
trials with neuroendocrine tumors of the appendix,Appendiceal,,,
Triple Receptor Negative,,,,Triple Receptor Negative
True histiocytic lymphoma,"Lymphoma, Non-Hodgkin's",,,
Tubal cancer,Fallopian Tube,,,
Tumor,Unspecified Cancer,,,
tumor of astrocytic glial cell,"CNS, Glioblastoma",,,
tumor of meningeal cells,"CNS, Meningioma",,,
tumor of oligodendrocytes,"CNS, Oligodendroglioma",,,
"Tumor of the pancreatic head, neck, uncinate process, body, or tail",Pancreas,,,
tumor of the pineal gland,"CNS, Pineal Tumor",,,
Tumors of low malignant potential (LMP tumors),Ovarian,,,
Tumors of Major Salivary Glands,Head/Neck,,,
Tumors of Upper Aerodigestive Tract,Head/Neck,,,
Tumors such as atypical teratoid/rhabdoid (AT/RT),"CNS, Other Embryonal Tumors",,,
Unclassifiable myelodysplastic syndrome (MDS-U),Myelodysplastic Syndrome,MDS-U,,
Unclassified renal cell carcinoma,Renal,,,
Undifferentiated AML,"Leukemia, Acute Myelogenous",,,
Undifferentiated carcinoma of the bladder,Bladder,,,
Undifferentiated epithelial ovarian tumors,Ovarian,,,
Undifferentiated lung carcinoma,"Lung, Non-small cell",,,
Undifferentiated NSCLC,"Lung, Non-small cell",,,
undifferentiated pleomorphic sarcoma (UPS) – formerly known as malignant fibrous histiocytoma (MFH),Soft Tissue Sarcoma ,,,
Undifferentiated sarcoma,Soft Tissue Sarcoma,,,
Undifferentiated thyroid cancer,Thyroid,,,
Unresectable,,Unresectable,,
Untreated,,Untreated,,
urothelial cancer,Bladder,,,
urothelial carcinoma,Bladder,,,
Urothelium cancer (includes cancers in the bladder and the urethra),Bladder,,,
uterine carcinosarcoma,Soft Tissue Sarcoma ,,,
Uterine carcinosarcoma (also know malignant mixed Mullarian tumor (MMMT) of the uterus and mixed mesodermal tumor (MMT)),Soft Tissue Sarcoma,,,
Uterine corpus cancer,Endometrial,,,
Uterine serous carcinomas (USC),Endometrial,,,
Uterine serous papillary carcinoma of the uterus (also known as papillary serous or uterine papillary serous carcinoma or UPSC),Endometrial,,,
Uterine tube cancer,Fallopian Tube,,,
Uveal,Melanoma,,,
Uveal melanoma,Melanoma,,,
Vaginal cancer,Vaginal,,,
Vaginal leiomyosarcoma,Vaginal,,,
Vaginal rhabdomyosarcoma,Vaginal,,,
Vaginal tumor,Vaginal,,,
Verrucous carcinoma,"Cervical;Skin, Squamous Cell Carcinoma (CSCC)",,,
Villoglandular adenocarcinoma (VGA),Cervical,,,
Villoglandular adenocarcinoma of the endometrium,Endometrial,,,
Villoglandular papillary adenocarcinoma,Cervical,,,
VIPoma,Neuroendocrine,,,
Vulva cancer,Vulvar,,,
Vulvar cancer,Vulvar,,,
Vulvar carcinoma,Vulvar,,,
Waldenstrom’s macroglobulinemia,,Waldenstrom’s macroglobulinemia (WM),,
Waldenstrom’s macroglobulinemia (WM),,Waldenstrom’s macroglobulinemia (WM),,
Waldenstrom's macroglobulinemia /Lymphoplasmacytic lymphoma,"Lymphoma, Non-Hodgkin's",,,
Well differentiated thyroid cancer,Thyroid,,,
Well-differentiated fetal adenocarcinoma of lung,"Lung, Non-small cell",,,
Wilms Tumor,Renal,,,
Wilm's Tumor,Renal,,,
Wilms’ Tumor,Renal,,,
Yolk sac tumor,"Testicular;CNS, Germ Cell Tumors",,,
yolk sac tumors,"Testicular;CNS, Germ Cell Tumors",,,
Zollinger-Ellison Syndrome,Neuroendocrine,,,
